category,word
Arts & Entertainment,act
Arts & Entertainment,acting
Arts & Entertainment,action
Arts & Entertainment,actor
Arts & Entertainment,actress
Arts & Entertainment,adaptation
Arts & Entertainment,aesthetic
Arts & Entertainment,afterword
Arts & Entertainment,alchemy
Arts & Entertainment,alien
Arts & Entertainment,allegory
Arts & Entertainment,anchor
Arts & Entertainment,animated
Arts & Entertainment,antagonist
Arts & Entertainment,audience
Arts & Entertainment,author
Arts & Entertainment,award
Arts & Entertainment,blockbuster
Arts & Entertainment,book
Arts & Entertainment,broadcast
Arts & Entertainment,broadway
Arts & Entertainment,camera
Arts & Entertainment,canvas
Arts & Entertainment,centaur
Arts & Entertainment,chick flick
Arts & Entertainment,choreography
Arts & Entertainment,cinema
Arts & Entertainment,clone
Arts & Entertainment,co-anchor
Arts & Entertainment,color
Arts & Entertainment,comedy
Arts & Entertainment,comic
Arts & Entertainment,controller
Arts & Entertainment,costume
Arts & Entertainment,craft
Arts & Entertainment,crayon
Arts & Entertainment,critics
Arts & Entertainment,cyborg
Arts & Entertainment,dance
Arts & Entertainment,dancer
Arts & Entertainment,director
Arts & Entertainment,dragon
Arts & Entertainment,drama
Arts & Entertainment,emmy
Arts & Entertainment,enterntainment
Arts & Entertainment,exhibition
Arts & Entertainment,fairy tale
Arts & Entertainment,fashion
Arts & Entertainment,film
Arts & Entertainment,filming
Arts & Entertainment,filmmaking
Arts & Entertainment,filmography
Arts & Entertainment,frakenstein
Arts & Entertainment,ghost
Arts & Entertainment,gnoll
Arts & Entertainment,goblin
Arts & Entertainment,golden globe
Arts & Entertainment,gorgon
Arts & Entertainment,grammy
Arts & Entertainment,hollywood
Arts & Entertainment,homonculus
Arts & Entertainment,horror
Arts & Entertainment,image
Arts & Entertainment,jack frost
Arts & Entertainment,journalist
Arts & Entertainment,karaoke
Arts & Entertainment,mage
Arts & Entertainment,magic
Arts & Entertainment,magician
Arts & Entertainment,media
Arts & Entertainment,mermaid
Arts & Entertainment,mona lisa
Arts & Entertainment,mosaic
Arts & Entertainment,motion picture
Arts & Entertainment,movie
Arts & Entertainment,mummy
Arts & Entertainment,myth
Arts & Entertainment,mythology
Arts & Entertainment,news
Arts & Entertainment,newscast
Arts & Entertainment,novel
Arts & Entertainment,opera
Arts & Entertainment,orc
Arts & Entertainment,oscar
Arts & Entertainment,paint
Arts & Entertainment,painter
Arts & Entertainment,painting
Arts & Entertainment,parody
Arts & Entertainment,pen
Arts & Entertainment,pencil
Arts & Entertainment,photo
Arts & Entertainment,photography
Arts & Entertainment,portfolio
Arts & Entertainment,premiere
Arts & Entertainment,producer
Arts & Entertainment,protagonist
Arts & Entertainment,published
Arts & Entertainment,radio
Arts & Entertainment,radio station
Arts & Entertainment,rating
Arts & Entertainment,reading
Arts & Entertainment,reporter
Arts & Entertainment,review
Arts & Entertainment,romance
Arts & Entertainment,satyr
Arts & Entertainment,scenes
Arts & Entertainment,science fiction
Arts & Entertainment,sculpt
Arts & Entertainment,sculpture
Arts & Entertainment,series
Arts & Entertainment,show
Arts & Entertainment,singer
Arts & Entertainment,sitcom
Arts & Entertainment,social media
Arts & Entertainment,song
Arts & Entertainment,sorcerer
Arts & Entertainment,story
Arts & Entertainment,studio
Arts & Entertainment,supernatural
Arts & Entertainment,suspense
Arts & Entertainment,televised
Arts & Entertainment,television
Arts & Entertainment,television station
Arts & Entertainment,template
Arts & Entertainment,theatre
Arts & Entertainment,theatre
Arts & Entertainment,thriller
Arts & Entertainment,thriller
Arts & Entertainment,toothfairy
Arts & Entertainment,toy
Arts & Entertainment,video
Arts & Entertainment,videogame
Arts & Entertainment,villain
Arts & Entertainment,visual
Arts & Entertainment,watercolor
Arts & Entertainment,writing
Business,accountant
Business,bankrupt
Business,bonds
Business,business
Business,businessman
Business,businesswoman
Business,capitalism
Business,career
Business,ceo
Business,comission
Business,commerce
Business,commercial
Business,commercialism
Business,company
Business,contract
Business,corporation
Business,currency
Business,deal
Business,dealership
Business,employee
Business,equity
Business,exchange
Business,finance
Business,financial
Business,franchise
Business,income
Business,industry
Business,insurance
Business,invest
Business,investor
Business,loan
Business,manufacture
Business,market
Business,marketing
Business,monetize
Business,money
Business,organisation
Business,owner
Business,partnership
Business,president
Business,price
Business,product
Business,purchase
Business,sales
Business,sponsor
Business,stock
Business,trade
Business,transaction
Business,warranty
Business,worker
Crime & Law,abortion
Crime & Law,abuse
Crime & Law,adultery
Crime & Law,assault
Crime & Law,attorney
Crime & Law,autopsy
Crime & Law,bombing
Crime & Law,case
Crime & Law,constitution
Crime & Law,convicted
Crime & Law,corpse
Crime & Law,correctional facility
Crime & Law,corruption
Crime & Law,court
Crime & Law,crime
Crime & Law,criminal
Crime & Law,defendant
Crime & Law,divorce
Crime & Law,drugs
Crime & Law,evidence
Crime & Law,explosion
Crime & Law,fraud
Crime & Law,genocide
Crime & Law,guilty
Crime & Law,gun
Crime & Law,harass
Crime & Law,harassment
Crime & Law,homicide
Crime & Law,innocent
Crime & Law,investigation
Crime & Law,judge
Crime & Law,jury
Crime & Law,justice
Crime & Law,mafia
Crime & Law,murder
Crime & Law,perpetrator
Crime & Law,police
Crime & Law,policy
Crime & Law,prison
Crime & Law,prisoner
Crime & Law,rape
Crime & Law,riot
Crime & Law,testified
Crime & Law,threat
Crime & Law,torture
Crime & Law,trial
Crime & Law,warden
Education,academic
Education,academy
Education,alumni
Education,board exam
Education,book
Education,cheat
Education,classroom
Education,club
Education,college
Education,cram
Education,cum laude
Education,debar
Education,debarred
Education,degree
Education,diploma
Education,director
Education,dormitory
Education,education
Education,enroll
Education,exam
Education,expulsion
Education,faculty
Education,finals
Education,fraternity
Education,freshman
Education,grade
Education,grade level
Education,graduate
Education,graduate school
Education,graduation
Education,high school
Education,institute
Education,junior
Education,kindergarten
Education,learn
Education,library
Education,lunch
Education,mentor
Education,middle school
Education,notes
Education,pe
Education,phd
Education,physical education
Education,playground
Education,prelims
Education,preschool
Education,professor
Education,prof
Education,project
Education,pupil
Education,recess
Education,report
Education,review
Education,scholar
Education,school
Education,score
Education,senior
Education,sophomore
Education,sorority
Education,student
Education,study
Education,suspension
Education,teach
Education,teacher
Education,test
Education,tuition
Education,tutelage
Education,tutor
Education,undergraduate
Education,university
Geography,africa
Geography,america
Geography,asia
Geography,australia
Geography,avenue
Geography,beach
Geography,building
Geography,california
Geography,canada
Geography,canal
Geography,canyon
Geography,capital
Geography,castle
Geography,cave
Geography,chasm
Geography,city
Geography,city-state
Geography,commune
Geography,compass
Geography,continent
Geography,corner
Geography,country
Geography,county
Geography,cove
Geography,crosstown
Geography,desert
Geography,district
Geography,east
Geography,ecosystem
Geography,entry
Geography,equator
Geography,europe
Geography,exit
Geography,forest
Geography,geologic
Geography,glacier
Geography,gorge
Geography,grassland
Geography,gulf
Geography,harbor
Geography,hill
Geography,iceberg
Geography,india
Geography,intersection
Geography,iran
Geography,island
Geography,jungle
Geography,kilometers
Geography,knoll
Geography,lagoon
Geography,lake
Geography,land
Geography,landform
Geography,landmark
Geography,landscape
Geography,las vegas
Geography,limestone
Geography,location
Geography,map
Geography,mediterranean
Geography,meridian
Geography,middle east
Geography,mine
Geography,mountain
Geography,new york
Geography,north
Geography,northeast
Geography,northwest
Geography,ocean
Geography,palace
Geography,peak
Geography,peninsula
Geography,place
Geography,plateau
Geography,port
Geography,province
Geography,region
Geography,ridge
Geography,river
Geography,rock
Geography,sea
Geography,south
Geography,southeast
Geography,southwest
Geography,state
Geography,station
Geography,street
Geography,subway
Geography,swamp
Geography,terrain
Geography,topography
Geography,town
Geography,township
Geography,tributary
Geography,tundra
Geography,underground
Geography,valley
Geography,village
Geography,volcano
Geography,waterfall
Geography,west
Geography,zimbabwe
Health,alcohol
Health,anxiety
Health,beef
Health,bitter
Health,blood
Health,brain
Health,breakfast
Health,candy
Health,carbohydrates
Health,cardio
Health,checkup
Health,chicken
Health,circulatory system
Health,coffee
Health,cook
Health,cooking
Health,cuisine
Health,dentist
Health,dessert
Health,diabetes
Health,diagnose
Health,dialysis
Health,diet
Health,digestion
Health,dinner
Health,disease
Health,doctor
Health,drug
Health,exercise
Health,fats
Health,fiber
Health,fish
Health,fitness
Health,food
Health,fork
Health,fried
Health,fruit
Health,glucose
Health,grill
Health,gym
Health,health
Health,heart
Health,herbal
Health,hospital
Health,infection
Health,inspiration
Health,lifestyle
Health,kidney
Health,lunch
Health,meal
Health,meat
Health,medical
Health,medicine
Health,meditation
Health,microwave
Health,motivation
Health,nutrient
Health,nutrition
Health,oven
Health,pasta
Health,patient
Health,pork
Health,positivity
Health,potassium
Health,protein
Health,refreshment
Health,salt
Health,sandwich
Health,sedative
Health,side dish
Health,sour
Health,spice
Health,spicy
Health,spoon
Health,stomach
Health,stove
Health,sugar
Health,surgery
Health,sweet
Health,taste
Health,tea
Health,therapy
Health,vegan
Health,vegetable
Health,vegetarian
Health,vitamin
Health,warmup
Health,weightlift
Health,weightlifting
Health,yoga
Music,a capella
Music,acapella
Music,accordion
Music,acoustic
Music,airplay
Music,album
Music,artist
Music,band
Music,bass
Music,bassist
Music,beat
Music,beatbox
Music,billboard
Music,blues
Music,choir
Music,chord
Music,chord
Music,classical
Music,compose
Music,composer
Music,concert
Music,conductor
Music,discography
Music,dj
Music,drummer
Music,drums
Music,flute
Music,guitar
Music,guitarist
Music,harmony
Music,harp
Music,heavy metal
Music,instrument
Music,instrumental
Music,jazz
Music,lyrics
Music,melodic
Music,microphone
Music,mixtape
Music,music
Music,musical
Music,musician
Music,musicology
Music,note
Music,octet
Music,orchestra
Music,organ
Music,organist
Music,piano
Music,pitch
Music,pop
Music,quintet
Music,rap
Music,record
Music,record label
Music,remixers
Music,rhythm
Music,rock
Music,rock band
Music,sheet music
Music,sing
Music,singer
Music,single
Music,song
Music,sound
Music,symphony
Music,tempo
Music,timbre
Music,tone
Music,vinyl
Music,vocal
Music,vocalist
Music,woodwind
Nature,acid rain
Nature,adapt
Nature,air
Nature,algae
Nature,amoeba
Nature,animal
Nature,animalia
Nature,atmosphere
Nature,bird
Nature,bovine
Nature,brood
Nature,bush
Nature,canine
Nature,carbon dioxide
Nature,carnivore
Nature,cloud
Nature,coleophoridae
Nature,colony
Nature,commensalism
Nature,crustacean
Nature,cumulonimbus
Nature,dinosaur
Nature,drought
Nature,earth
Nature,earthquake
Nature,ecology
Nature,ecosystem
Nature,egg
Nature,endanger
Nature,erosion
Nature,eruption
Nature,evolution
Nature,extinct
Nature,feline
Nature,fin
Nature,fish
Nature,flea
Nature,flood
Nature,flora
Nature,flower
Nature,food chain
Nature,fossil
Nature,fruit
Nature,fungi
Nature,fungus
Nature,gene
Nature,genus
Nature,genus
Nature,habitat
Nature,herbivore
Nature,homosphere
Nature,host
Nature,insect
Nature,isopod
Nature,larvae
Nature,leaves
Nature,leporidae
Nature,lightning
Nature,mammal
Nature,mesosphere
Nature,meteorology
Nature,moth
Nature,mutation
Nature,mutualism
Nature,nature
Nature,nimbus
Nature,omnivore
Nature,organism
Nature,oxygen
Nature,ozone
Nature,parasite
Nature,parasitism
Nature,pathogen
Nature,perennial
Nature,pest
Nature,phylum
Nature,pigeon
Nature,pigeons
Nature,plant
Nature,polar
Nature,predation
Nature,predator
Nature,prey
Nature,quicksand
Nature,rain
Nature,reproduce
Nature,reproduce
Nature,root
Nature,salsola
Nature,sapling
Nature,sealife
Nature,shrub
Nature,sky
Nature,snake
Nature,species
Nature,species
Nature,storm
Nature,stratosphere
Nature,symbiosis
Nature,thunder
Nature,tree
Nature,troposphere
Nature,trunk
Nature,typhoon
Nature,vermin
Nature,wasp
Nature,water vapor
Nature,wildlife
Nature,wolf
Philosophy,aristotle
Philosophy,capitalism
Philosophy,communism
Philosophy,consciousness
Philosophy,conservatism
Philosophy,conservative
Philosophy,deduction
Philosophy,descartes
Philosophy,dualism
Philosophy,empiricism
Philosophy,enlightenment
Philosophy,epistemology
Philosophy,essence
Philosophy,ethics
Philosophy,existence
Philosophy,existentialism
Philosophy,feminism
Philosophy,freedom
Philosophy,gender equality
Philosophy,hedonism
Philosophy,hope
Philosophy,idealism
Philosophy,ignorance
Philosophy,inference
Philosophy,intelligibility
Philosophy,liberal
Philosophy,liberalism
Philosophy,linguistics
Philosophy,logic
Philosophy,love
Philosophy,materialism
Philosophy,metaphysics
Philosophy,naturalism
Philosophy,perception
Philosophy,philosopher
Philosophy,plato
Philosophy,pragmatism
Philosophy,realism
Philosophy,reality
Philosophy,reason
Philosophy,scholar
Philosophy,sense
Philosophy,sigmund freud
Philosophy,sociology
Philosophy,socrates
Philosophy,theory
Philosophy,transcendence
Philosophy,world view
Politics,abstain
Politics,air force
Politics,ambassador
Politics,aristocracy
Politics,aristocrat
Politics,army
Politics,autocracy
Politics,ballot
Politics,cabinet
Politics,campaign
Politics,candidate
Politics,chancellor
Politics,chairman
Politics,chief of staff
Politics,citizen
Politics,citizenship
Politics,coast guard
Politics,communism
Politics,communist
Politics,congress
Politics,constituency
Politics,crown
Politics,democrat
Politics,democracy
Politics,dictator
Politics,dictatorship
Politics,elect
Politics,embassy
Politics,empire
Politics,executive
Politics,govern
Politics,government
Politics,house representative
Politics,judicial
Politics,king
Politics,kingdom
Politics,legislative
Politics,marines
Politics,mayor
Politics,military
Politics,minister
Politics,monarch
Politics,monarchy
Politics,navy
Politics,oligarchy
Politics,parliament
Politics,party
Politics,pharaoh
Politics,politician
Politics,politics
Politics,president
Politics,prime minister
Politics,prince
Politics,queen
Politics,republic
Politics,republican
Politics,ruler
Politics,senate
Politics,senator
Politics,sovereign
Politics,supreme court
Politics,tax
Politics,taxation
Politics,treasury
Politics,vice-president
Politics,vote
Religion,agnostic
Religion,allah
Religion,angel
Religion,anglicanism
Religion,aphrodite
Religion,apollo
Religion,apostle
Religion,artemis
Religion,atheism
Religion,baptism
Religion,belief
Religion,bible
Religion,bishop
Religion,buddha
Religion,buddhism
Religion,catholic
Religion,catholicism
Religion,cemetery
Religion,christian
Religion,christianity
Religion,christmas
Religion,church
Religion,commandment
Religion,cremation
Religion,crusader
Religion,cult
Religion,deity
Religion,disciple
Religion,easter
Religion,evangelicalism
Religion,faith
Religion,follower
Religion,funeral
Religion,god
Religion,gospel
Religion,hinduism
Religion,holy
Religion,hymn
Religion,islam
Religion,jerusalem
Religion,jesus
Religion,jew
Religion,judaism
Religion,kaaba
Religion,latter day saint
Religion,lent
Religion,martyr
Religion,mormon
Religion,mormonism
Religion,moses
Religion,mary
Religion,muslim
Religion,orthodoxy
Religion,parish
Religion,pantheism
Religion,pilgrimage
Religion,praise
Religion,prayer
Religion,preacher
Religion,protestantism
Religion,psalm
Religion,quran
Religion,rabbi
Religion,saint
Religion,soul
Religion,spirit
Religion,supreme being
Religion,taoism
Religion,temple
Religion,theism
Religion,theology
Religion,torah
Religion,vishnu
Religion,worship
Religion,bible
Religion,bishop
Religion,buddha
Religion,cardinal
Religion,chapel
Religion,church
Religion,faith
Religion,god
Religion,idol
Religion,jesus
Religion,muhammad
Religion,muslim
Religion,parish
Religion,pastor
Religion,pray
Religion,priest
Religion,pope
Religion,quran
Religion,religion
Religion,spirit
Religion,temple
Science,absolute zero
Science,acid
Science,anatomy
Science,antidote
Science,asteroid
Science,astronaut
Science,atom
Science,atomic
Science,botany
Science,calculations
Science,census
Science,chemical
Science,chemist
Science,chemistry
Science,circuit
Science,comet
Science,conductive
Science,conductivity
Science,cryogenic
Science,discovery
Science,dna
Science,earth
Science,electrical
Science,electrode
Science,electrodes
Science,electron
Science,evolution
Science,experiment
Science,fabrication
Science,flow
Science,fossil
Science,galaxy
Science,gamma
Science,gene
Science,gravity
Science,impetus
Science,invent
Science,jupiter
Science,laboratory
Science,mars
Science,mercury
Science,metal
Science,microbe
Science,miniaturization
Science,molecular
Science,molecule
Science,molecules
Science,moon
Science,nanotechnology
Science,nebula
Science,neptune
Science,neurology
Science,nuclear
Science,orbit
Science,organic
Science,paleontology
Science,pathogen
Science,photolithographic
Science,physics
Science,physiology
Science,planet
Science,pluto
Science,polymer
Science,polymers
Science,quantum
Science,radiation
Science,research
Science,result
Science,rotaxane
Science,saturn
Science,science
Science,scientist
Science,solar
Science,solar system
Science,space
Science,star
Science,star system
Science,study
Science,sun
Science,syrum
Science,temperature
Science,test
Science,thermoformable
Science,universe
Science,uranus
Science,venus
Society,african american
Society,age
Society,bisexual
Society,census
Society,century
Society,children
Society,co-ed
Society,community
Society,deaf
Society,family
Society,father
Society,female
Society,feminism
Society,feminist
Society,feminists
Society,flag
Society,gang
Society,gay
Society,gesture
Society,homosexuality
Society,household
Society,immigrant
Society,income
Society,indians
Society,issue
Society,language
Society,lesbian
Society,lgbt
Society,linguist
Society,linguistic
Society,male
Society,mother
Society,movements
Society,native american
Society,notable
Society,patriarchy
Society,people
Society,philanthropy
Society,population
Society,poverty
Society,prostitutes
Society,protest
Society,race
Society,racial
Society,racism
Society,rally
Society,sexuality
Society,society
Society,surname
Society,tradition
Society,transexual
Sports,acrobat
Sports,aerobic exercise
Sports,arena
Sports,athlete
Sports,athletic
Sports,athletics
Sports,badminton
Sports,ball
Sports,baseball
Sports,basketball
Sports,bats
Sports,batsman
Sports,bobsled
Sports,bobsledder
Sports,boxing
Sports,challenge
Sports,champion
Sports,championship
Sports,cheat
Sports,club
Sports,clubs
Sports,coach
Sports,compete
Sports,competition
Sports,cricketer
Sports,cycling
Sports,darts
Sports,derby
Sports,doping
Sports,exercise
Sports,fitness
Sports,football
Sports,football
Sports,footballer
Sports,foul
Sports,frisbee
Sports,fullback
Sports,game
Sports,goal
Sports,hockey
Sports,home runs
Sports,jockey
Sports,judo
Sports,karate
Sports,kayak
Sports,kung fu
Sports,leaderboard
Sports,league
Sports,loser
Sports,marathon
Sports,martial art
Sports,match
Sports,nunchuck
Sports,olympian
Sports,olympics
Sports,opponent
Sports,physical
Sports,pitchers
Sports,playoff
Sports,race
Sports,racing
Sports,roster
Sports,runner-up
Sports,running
Sports,skate
Sports,skateboard
Sports,ski
Sports,skiing
Sports,soccer
Sports,softball
Sports,spectator
Sports,sportsmanship
Sports,sportsperson
Sports,steroids
Sports,sumo
Sports,swim
Sports,taekwondo
Sports,team
Sports,teamwork
Sports,tennis
Sports,tournament
Sports,track
Sports,trophy
Sports,volleyball
Sports,weightlifting
Sports,winner
Sports,won
Sports,workout
Technology,account
Technology,administrator
Technology,algorithm
Technology,android
Technology,antenna
Technology,apple
Technology,appliance
Technology,application
Technology,artificial intelligence
Technology,audio
Technology,automation
Technology,broadband
Technology,broadcast
Technology,browser
Technology,cable
Technology,camera
Technology,cellphone
Technology,charles babbage
Technology,code
Technology,computer
Technology,cryptocurrency
Technology,cryptography
Technology,cybernetics
Technology,data
Technology,devices
Technology,digital
Technology,download
Technology,electricity
Technology,electrolarynx
Technology,electronic
Technology,encryption
Technology,engine
Technology,engineer
Technology,ethernet
Technology,firmware
Technology,hacker
Technology,hard drive
Technology,hardware
Technology,information
Technology,intelligence
Technology,internet
Technology,IT
Technology,keyboard
Technology,locomotive
Technology,machine
Technology,manufacture
Technology,mechanic
Technology,microsoft
Technology,motor
Technology,motorcycle
Technology,mouse
Technology,network
Technology,neural network
Technology,operating system
Technology,password
Technology,phone
Technology,polaroid
Technology,power
Technology,program
Technology,protocol
Technology,radio
Technology,railway
Technology,rectifier
Technology,robot
Technology,robotic
Technology,rocket
Technology,satellite
Technology,screen
Technology,server
Technology,setting
Technology,ship
Technology,simulation
Technology,smartphone
Technology,software
Technology,system
Technology,technology
Technology,telephone
Technology,television
Technology,text
Technology,train
Technology,transistor
Technology,turing
Technology,upgrade
Technology,upload
Technology,USB
Technology,user
Technology,vehicle
Technology,virus
Technology,vlan
Technology,web
Technology,wire
Warfare,admiral
Warfare,aerial warfare
Warfare,agent
Warfare,air corps
Warfare,alliance
Warfare,allies
Warfare,ammo
Warfare,ammunition
Warfare,archer
Warfare,armor
Warfare,assassin
Warfare,assault
Warfare,axis power
Warfare,battalion
Warfare,battlefield
Warfare,battleship
Warfare,bazooka
Warfare,blade
Warfare,bolt
Warfare,bomb
Warfare,bow
Warfare,brigade
Warfare,bullet
Warfare,c4
Warfare,carrier
Warfare,chief of staff
Warfare,civil war
Warfare,cold war
Warfare,colonel
Warfare,combat
Warfare,combatant
Warfare,command
Warfare,commando
Warfare,crossbow
Warfare,crusader
Warfare,destroyer
Warfare,detonate
Warfare,dogfight
Warfare,double agent
Warfare,dynamite
Warfare,explosive
Warfare,fighter
Warfare,flamethrower
Warfare,fleet
Warfare,general
Warfare,genocide
Warfare,grenade
Warfare,gunfire
Warfare,hitler
Warfare,infantry
Warfare,invade
Warfare,katana
Warfare,lance
Warfare,land mine
Warfare,lmg
Warfare,machinegun
Warfare,mission
Warfare,nazi
Warfare,nuclear
Warfare,nuke
Warfare,pistol
Warfare,poison
Warfare,propaganda
Warfare,proxy war
Warfare,remington
Warfare,revolution
Warfare,revolutionary war
Warfare,rifle
Warfare,rocket
Warfare,rocket launcher
Warfare,scope
Warfare,shoot
Warfare,torpedo